{"cameraMode":{"drawMode":0,"name":"Shaded","section":"Shading Mode"},"sceneLighting":false,"audioPlay":false,"sceneViewState":{"m_AlwaysRefresh":false,"showFog":true,"showSkybox":false,"showFlares":true,"showImageEffects":true,"showParticleSystems":true,"showVisualEffectGraphs":true,"m_FxEnabled":true},"in2DMode":false,"pivot":{"x":0.3507683277130127,"y":1.4849369525909424,"z":0.8373488187789917},"rotation":{"x":0.14663255214691163,"y":0.8514045476913452,"z":-0.32339006662368777,"w":0.3860437273979187},"size":0.8720183372497559,"orthographic":false}